USE [WebLapTrinh]
GO
/***1***/
SET IDENTITY_INSERT [dbo].[CapDo] ON
INSERT [dbo].[CapDo] ([id], [tencapdo]) VALUES (1, N'Dễ')
INSERT [dbo].[CapDo] ([id], [tencapdo]) VALUES (2, N'Trung Bình')
INSERT [dbo].[CapDo] ([id], [tencapdo]) VALUES (3, N'Khó')
SET IDENTITY_INSERT [dbo].[CapDo] OFF

/***2***/
SET IDENTITY_INSERT [dbo].[KhoaHoc] ON
INSERT [dbo].[KhoaHoc] ([id], [tenkhoahoc], [imgKhoaHoc]) VALUES (1, N'SQL ', N'https://encrypted-tbn0.gstatic.com/images?q=tbn:ANd9GcTAFbXHKyZLohCjD4gs0NSPoa0C23o5uOmwLNHMD6i7V6m1Vded&s')
INSERT [dbo].[KhoaHoc] ([id], [tenkhoahoc], [imgKhoaHoc]) VALUES (2, N'C#', N'https://encrypted-tbn0.gstatic.com/images?q=tbn:ANd9GcSEQm0locnJ2Lvz-cmdHlDxpgYEYZNV4-VermFgZmYVGRhM_Lfr&s')
INSERT [dbo].[KhoaHoc] ([id], [tenkhoahoc], [imgKhoaHoc]) VALUES (3, N'C/C++ ', N'https://encrypted-tbn0.gstatic.com/images?q=tbn:ANd9GcTsounbNTcpyrBmXd_L310tWQAAB0_yEpX9YQ_459uQj8CXeixl&s')
INSERT [dbo].[KhoaHoc] ([id], [tenkhoahoc], [imgKhoaHoc]) VALUES (4, N'Angular ', N'https://encrypted-tbn0.gstatic.com/images?q=tbn:ANd9GcRnmJqfQENKuNadc6EkQHjb_beAzFGwii3WMCr_7p70nELSf0Oj&s')
INSERT [dbo].[KhoaHoc] ([id], [tenkhoahoc], [imgKhoaHoc]) VALUES (5, N'Html/Css', N'https://vnypc.files.wordpress.com/2016/11/html_css.jpg')
INSERT [dbo].[KhoaHoc] ([id], [tenkhoahoc], [imgKhoaHoc]) VALUES (6, N'JavaScript', N'https://cdn.pixabay.com/photo/2015/04/23/17/41/javascript-736401_960_720.png')
INSERT [dbo].[KhoaHoc] ([id], [tenkhoahoc], [imgKhoaHoc]) VALUES (7, N'PHP', N'https://freetuts.net/upload/tut_cate/images/2015/12/13/1/hoc-php-lap-trinh-php.gif')
INSERT [dbo].[KhoaHoc] ([id], [tenkhoahoc], [imgKhoaHoc]) VALUES (8, N'ReactJs', N'https://techtalk.vn/wp-content/uploads/2016/06/techtalk-reactjs-696x392.png')
INSERT [dbo].[KhoaHoc] ([id], [tenkhoahoc], [imgKhoaHoc]) VALUES (9, N'VueJs', N'https://techtalk.vn/wp-content/uploads/2017/06/vuejs-logo-696x425.jpg')
INSERT [dbo].[KhoaHoc] ([id], [tenkhoahoc], [imgKhoaHoc]) VALUES (10, N'TypeScript', N'https://miro.medium.com/max/816/1*mn6bOs7s6Qbao15PMNRyOA.png')
SET IDENTITY_INSERT [dbo].[KhoaHoc] OFF

/***3***/
SET IDENTITY_INSERT [dbo].[DSBaiHoc] ON
INSERT [dbo].[DSBaiHoc] ([id], [tenbaihoc], [idkhoahoc]) VALUES (1, N'Syntax', 3)
INSERT [dbo].[DSBaiHoc] ([id], [tenbaihoc], [idkhoahoc]) VALUES (2, N'Arrays', 3)
INSERT [dbo].[DSBaiHoc] ([id], [tenbaihoc], [idkhoahoc]) VALUES (3, N'Loop', 3)
INSERT [dbo].[DSBaiHoc] ([id], [tenbaihoc], [idkhoahoc]) VALUES (4, N'Class Members', 3)
INSERT [dbo].[DSBaiHoc] ([id], [tenbaihoc], [idkhoahoc]) VALUES (5, N'Syntax', 6)
INSERT [dbo].[DSBaiHoc] ([id], [tenbaihoc], [idkhoahoc]) VALUES (6, N'Arrays', 6)
INSERT [dbo].[DSBaiHoc] ([id], [tenbaihoc], [idkhoahoc]) VALUES (7, N'Loop', 6)
INSERT [dbo].[DSBaiHoc] ([id], [tenbaihoc], [idkhoahoc]) VALUES (8, N'Class Members', 6)
INSERT [dbo].[DSBaiHoc] ([id], [tenbaihoc], [idkhoahoc]) VALUES (9, N'Syntax', 7)
INSERT [dbo].[DSBaiHoc] ([id], [tenbaihoc], [idkhoahoc]) VALUES (10, N'Arrays', 7)
INSERT [dbo].[DSBaiHoc] ([id], [tenbaihoc], [idkhoahoc]) VALUES (11, N'Loop', 7)
INSERT [dbo].[DSBaiHoc] ([id], [tenbaihoc], [idkhoahoc]) VALUES (12, N'Class Members', 7)
SET IDENTITY_INSERT [dbo].[DSBaiHoc] OFF

/***4***/
SET IDENTITY_INSERT [dbo].[LoaiDiemKN] ON 
INSERT [dbo].[LoaiDiemKN] ([id], [diemKN]) VALUES (1, 30)
INSERT [dbo].[LoaiDiemKN] ([id], [diemKN]) VALUES (2, 65)
INSERT [dbo].[LoaiDiemKN] ([id], [diemKN]) VALUES (3, 95)
SET IDENTITY_INSERT [dbo].[LoaiDiemKN] OFF

/***5***/
SET IDENTITY_INSERT [dbo].[TaiKhoan] ON 
INSERT [dbo].[TaiKhoan] ([id], [username], [password], [email], [img]) VALUES (1, N'user1', N'1234', N'user1@gmail', N'xxxx')
INSERT [dbo].[TaiKhoan] ([id], [username], [password], [email], [img]) VALUES (2, N'user2', N'1234', N'user2@gmail', N'xxx')
INSERT [dbo].[TaiKhoan] ([id], [username], [password], [email], [img]) VALUES (3, N'user3', N'1234', NULL, NULL)
INSERT [dbo].[TaiKhoan] ([id], [username], [password], [email], [img]) VALUES (4, N'user4', N'1234', NULL, NULL)
SET IDENTITY_INSERT [dbo].[TaiKhoan] OFF

/***6***/
SET IDENTITY_INSERT [dbo].[DSBanBe] ON
INSERT [dbo].[DSBanBe] ([id], [idbanbe], [tenbanbe], [idaccount], [yeucau]) VALUES (1, 2, 'user2', 1, 1)
INSERT [dbo].[DSBanBe] ([id], [idbanbe], [tenbanbe], [idaccount], [yeucau]) VALUES (2, 4, 'user4', 1, 1)
INSERT [dbo].[DSBanBe] ([id], [idbanbe], [tenbanbe], [idaccount], [yeucau]) VALUES (3, 1, 'user1', 2, 1)
INSERT [dbo].[DSBanBe] ([id], [idbanbe], [tenbanbe], [idaccount], [yeucau]) VALUES (4, 3, 'user3', 2, 1)
INSERT [dbo].[DSBanBe] ([id], [idbanbe], [tenbanbe], [idaccount], [yeucau]) VALUES (5, 4, 'user4', 2, 1)
INSERT [dbo].[DSBanBe] ([id], [idbanbe], [tenbanbe], [idaccount], [yeucau]) VALUES (6, 2, 'user2', 3, 1)
INSERT [dbo].[DSBanBe] ([id], [idbanbe], [tenbanbe], [idaccount], [yeucau]) VALUES (7, 4, 'user4', 3, 1)
INSERT [dbo].[DSBanBe] ([id], [idbanbe], [tenbanbe], [idaccount], [yeucau]) VALUES (8, 1, 'user1', 1, 1)
INSERT [dbo].[DSBanBe] ([id], [idbanbe], [tenbanbe], [idaccount], [yeucau]) VALUES (9, 2, 'user2', 2, 1)
INSERT [dbo].[DSBanBe] ([id], [idbanbe], [tenbanbe], [idaccount], [yeucau]) VALUES (10, 3, 'user3', 3, 1)
SET IDENTITY_INSERT [dbo].[DSBanBe] OFF

/***7***/
SET IDENTITY_INSERT [dbo].[DSThongBao] ON
INSERT [dbo].[DSThongBao] ([id], [idaccount], [thongbao], [docthongbao]) VALUES (1, 1, N'Con rat nhieu khoa hoc bo ich. Hay dang ky them de duoc trai nghiem.', 1)
INSERT [dbo].[DSThongBao] ([id], [idaccount], [thongbao], [docthongbao]) VALUES (2, 1, N'Hay moi nhung nguoi ban cua ban cung tham gia khoa hoc.', 0)
INSERT [dbo].[DSThongBao] ([id], [idaccount], [thongbao], [docthongbao]) VALUES (3, 2, N'Con rat nhieu khoa hoc bo ich. Hay dang ky them de duoc trai nghiem.', 1)
INSERT [dbo].[DSThongBao] ([id], [idaccount], [thongbao], [docthongbao]) VALUES (4, 2, N'Hay moi nhung nguoi ban cua ban cung tham gia khoa hoc.', 0)
INSERT [dbo].[DSThongBao] ([id], [idaccount], [thongbao], [docthongbao]) VALUES (5, 3, N'Con rat nhieu khoa hoc bo ich. Hay dang ky them de duoc trai nghiem.', 1)
INSERT [dbo].[DSThongBao] ([id], [idaccount], [thongbao], [docthongbao]) VALUES (6, 3, N'Hay moi nhung nguoi ban cua ban cung tham gia khoa hoc.', 0)
INSERT [dbo].[DSThongBao] ([id], [idaccount], [thongbao], [docthongbao]) VALUES (7, 3, N'Dang co nhung bai hoc bo ich cho don ban.', 1)
INSERT [dbo].[DSThongBao] ([id], [idaccount], [thongbao], [docthongbao]) VALUES (8, 3, N'Hay moi ban be cung tham gia tra loi cau hoi.', 0)
INSERT [dbo].[DSThongBao] ([id], [idaccount], [thongbao], [docthongbao]) VALUES (9, 4, N'Ban be cua ban dang co diem so rat tot. Hay co gang len nhe.', 1)
INSERT [dbo].[DSThongBao] ([id], [idaccount], [thongbao], [docthongbao]) VALUES (10, 4, N'Khoa hoc ReactJs se la lua chon thu vi cho ban day.', 0)
SET IDENTITY_INSERT [dbo].[DSThongBao] OFF

/***8***/
SET IDENTITY_INSERT [dbo].[DSYeuCauKetBan] ON
INSERT [dbo].[DSYeuCauKetBan] ([id], [idaccount], [idbanbe], [yeucau]) VALUES (1, 1, 5, 1)
INSERT [dbo].[DSYeuCauKetBan] ([id], [idaccount], [idbanbe], [yeucau]) VALUES (2, 1, 6, 1)
INSERT [dbo].[DSYeuCauKetBan] ([id], [idaccount], [idbanbe], [yeucau]) VALUES (3, 2, 5, 1)
INSERT [dbo].[DSYeuCauKetBan] ([id], [idaccount], [idbanbe], [yeucau]) VALUES (4, 3, 6, 1)
INSERT [dbo].[DSYeuCauKetBan] ([id], [idaccount], [idbanbe], [yeucau]) VALUES (5, 3, 7, 1)
INSERT [dbo].[DSYeuCauKetBan] ([id], [idaccount], [idbanbe], [yeucau]) VALUES (6, 4, 5, 1)
SET IDENTITY_INSERT [dbo].[DSYeuCauKetBan] OFF

/***9***/
SET IDENTITY_INSERT [dbo].[ThongTinTaiKhoan] ON
INSERT [dbo].[ThongTinTaiKhoan] ([id], [idkhoahoc], [idcapdo], [diemKN], [diemKNDay], [idtaikhoan]) VALUES (1, 2, 1, 2, 40, 1)
INSERT [dbo].[ThongTinTaiKhoan] ([id], [idkhoahoc], [idcapdo], [diemKN], [diemKNDay], [idtaikhoan]) VALUES (2, 1, 1, 2, 54, 2)
INSERT [dbo].[ThongTinTaiKhoan] ([id], [idkhoahoc], [idcapdo], [diemKN], [diemKNDay], [idtaikhoan]) VALUES (3, 6, 3, 3, 52, 2)
INSERT [dbo].[ThongTinTaiKhoan] ([id], [idkhoahoc], [idcapdo], [diemKN], [diemKNDay], [idtaikhoan]) VALUES (4, 9, 2, 1, 30, 3)
SET IDENTITY_INSERT [dbo].[ThongTinTaiKhoan] OFF

/***10***/
SET IDENTITY_INSERT [dbo].[DSBaiHocPass_Of_TaiKhoan] ON
INSERT [dbo].[DSBaiHocPass_Of_TaiKhoan] ([id], [idTTTaiKhoan], [idBaiHoc]) VALUES (1, 1, 2)
INSERT [dbo].[DSBaiHocPass_Of_TaiKhoan] ([id], [idTTTaiKhoan], [idBaiHoc]) VALUES (2, 1, 3)
INSERT [dbo].[DSBaiHocPass_Of_TaiKhoan] ([id], [idTTTaiKhoan], [idBaiHoc]) VALUES (3, 2, 1)
INSERT [dbo].[DSBaiHocPass_Of_TaiKhoan] ([id], [idTTTaiKhoan], [idBaiHoc]) VALUES (4, 2, 7)
INSERT [dbo].[DSBaiHocPass_Of_TaiKhoan] ([id], [idTTTaiKhoan], [idBaiHoc]) VALUES (5, 2, 8)
INSERT [dbo].[DSBaiHocPass_Of_TaiKhoan] ([id], [idTTTaiKhoan], [idBaiHoc]) VALUES (6, 2, 9)
INSERT [dbo].[DSBaiHocPass_Of_TaiKhoan] ([id], [idTTTaiKhoan], [idBaiHoc]) VALUES (7, 3, 12)
SET IDENTITY_INSERT [dbo].[DSBaiHocPass_Of_TaiKhoan] OFF

/***11***/
SET IDENTITY_INSERT [dbo].[DSKhoaHocPass_Of_TaiKhoan] ON
INSERT [dbo].[DSKhoaHocPass_Of_TaiKhoan] ([id], [idTTTaiKhoan], [idKhoaHoc]) VALUES (1, 1, 3)
INSERT [dbo].[DSKhoaHocPass_Of_TaiKhoan] ([id], [idTTTaiKhoan], [idKhoaHoc]) VALUES (2, 1, 5)
INSERT [dbo].[DSKhoaHocPass_Of_TaiKhoan] ([id], [idTTTaiKhoan], [idKhoaHoc]) VALUES (3, 1, 9)
INSERT [dbo].[DSKhoaHocPass_Of_TaiKhoan] ([id], [idTTTaiKhoan], [idKhoaHoc]) VALUES (4, 2, 3)
INSERT [dbo].[DSKhoaHocPass_Of_TaiKhoan] ([id], [idTTTaiKhoan], [idKhoaHoc]) VALUES (5, 2, 5)
INSERT [dbo].[DSKhoaHocPass_Of_TaiKhoan] ([id], [idTTTaiKhoan], [idKhoaHoc]) VALUES (6, 4, 1)
SET IDENTITY_INSERT [dbo].[DSKhoaHocPass_Of_TaiKhoan] OFF

/***12***/
SET IDENTITY_INSERT [dbo].[DSCauHoi] ON
INSERT [dbo].[DSCauHoi] ([id], [tencauhoi], [idbaihoc], [idcapdo]) VALUES (46, N'Miền giá trị của char trong C?', 1, 1)
INSERT [dbo].[DSCauHoi] ([id], [tencauhoi], [idbaihoc], [idcapdo]) VALUES (47, N'Hàm duy nhất mà tất cả các chương trình C phải có là gì?', 1, 1)
INSERT [dbo].[DSCauHoi] ([id], [tencauhoi], [idbaihoc], [idcapdo]) VALUES (48, N'Hằng (Constant) là gì?', 1, 1)
INSERT [dbo].[DSCauHoi] ([id], [tencauhoi], [idbaihoc], [idcapdo]) VALUES (49, N'Hằng số nguyên 2 byte (int) hệ bát phân là:', 1, 1)
INSERT [dbo].[DSCauHoi] ([id], [tencauhoi], [idbaihoc], [idcapdo]) VALUES (50, N'Biến là gì?', 1, 1)
INSERT [dbo].[DSCauHoi] ([id], [tencauhoi], [idbaihoc], [idcapdo]) VALUES (51, N'Ý nghĩa của dayso[4] = 50;', 2, 1)
INSERT [dbo].[DSCauHoi] ([id], [tencauhoi], [idbaihoc], [idcapdo]) VALUES (52, N'Ý nghĩa của a[3][4]', 2, 1)
INSERT [dbo].[DSCauHoi] ([id], [tencauhoi], [idbaihoc], [idcapdo]) VALUES (53, N'So sánh kết quả 2 cách khai báo int a[2][2] = {{0, 1,}, {2, 3}}; và int a[2][2] = {0, 1, 2, 3};' và , 2, 1)
INSERT [dbo].[DSCauHoi] ([id], [tencauhoi], [idbaihoc], [idcapdo]) VALUES (54, N'Đâu không phải là ưu điểm của mảng một chiều.', 2, 1)
INSERT [dbo].[DSCauHoi] ([id], [tencauhoi], [idbaihoc], [idcapdo]) VALUES (55, N'Cho int array[2][2][3] = {0, 1, 2, 3, 4, 5, 6, 7, 8, 9, 10, 11}; Kết quả array[1][0][2] ?', 2, 1)
INSERT [dbo].[DSCauHoi] ([id], [tencauhoi], [idbaihoc], [idcapdo]) VALUES (56, N'Ý nghĩa lệnh break trong vòng lặp trong C++', 3, 1)
INSERT [dbo].[DSCauHoi] ([id], [tencauhoi], [idbaihoc], [idcapdo]) VALUES (57, N'Ý nghĩa lệnh continue trong vòng lặp trong C++', 3, 1)
INSERT [dbo].[DSCauHoi] ([id], [tencauhoi], [idbaihoc], [idcapdo]) VALUES (58, N'Có các loại vòng lặp nào trong C++?', 3, 1)
INSERT [dbo].[DSCauHoi] ([id], [tencauhoi], [idbaihoc], [idcapdo]) VALUES (59, N'Ý nghĩa for( ; ; )', 3, 1)
INSERT [dbo].[DSCauHoi] ([id], [tencauhoi], [idbaihoc], [idcapdo]) VALUES (60, N'void main()
{
    char s[] = "man"; 
    int i; 
    for(i = 0; s[i]; i++) 
        printf("%c%c%c%c\t", s[i], *(s+i), *(i+s), i[s]); 
    getch();
}', 3, 1)
SET IDENTITY_INSERT [dbo].[DSCauHoi] OFF

/***13***/
SET IDENTITY_INSERT [dbo].[DSDapAn] ON
INSERT [dbo].[DSDapAn] ([id], [idcauhoi], [cautraloi], [dapan]) VALUES (1, 46, N'Từ -128 đến 127', 1)
INSERT [dbo].[DSDapAn] ([id], [idcauhoi], [cautraloi], [dapan]) VALUES (2, 46, N'Từ -127 đến 127', 0)
INSERT [dbo].[DSDapAn] ([id], [idcauhoi], [cautraloi], [dapan]) VALUES (3, 46, N'Từ 0 đến 127', 0)
INSERT [dbo].[DSDapAn] ([id], [idcauhoi], [cautraloi], [dapan]) VALUES (4, 46, N'Từ -127 đến 128', 0)

INSERT [dbo].[DSDapAn] ([id], [idcauhoi], [cautraloi], [dapan]) VALUES (5, 47, N'start()', 0)
INSERT [dbo].[DSDapAn] ([id], [idcauhoi], [cautraloi], [dapan]) VALUES (6, 47, N'system()', 0)
INSERT [dbo].[DSDapAn] ([id], [idcauhoi], [cautraloi], [dapan]) VALUES (7, 47, N'main()', 1)
INSERT [dbo].[DSDapAn] ([id], [idcauhoi], [cautraloi], [dapan]) VALUES (8, 47, N'program()', 0)

INSERT [dbo].[DSDapAn] ([id], [idcauhoi], [cautraloi], [dapan]) VALUES (9, 48, N'Là đại lượng tạm của chương trình.', 0)
INSERT [dbo].[DSDapAn] ([id], [idcauhoi], [cautraloi], [dapan]) VALUES (10, 48, N'Không là một chuỗi ký tự, một ký tự, một con số xác định.', 0)
INSERT [dbo].[DSDapAn] ([id], [idcauhoi], [cautraloi], [dapan]) VALUES (11, 48, N'Là giá trị khởi tạo mặc định của chương trình.', 0)
INSERT [dbo].[DSDapAn] ([id], [idcauhoi], [cautraloi], [dapan]) VALUES (12, 48, N'Là đại lượng không đổi trong suốt quá trình thực thi của chương trình.', 1)

INSERT [dbo].[DSDapAn] ([id], [idcauhoi], [cautraloi], [dapan]) VALUES (13, 49, N'Là dãy số thuộc từ 0 đến 7.', 0)
INSERT [dbo].[DSDapAn] ([id], [idcauhoi], [cautraloi], [dapan]) VALUES (14, 49, N'Là kiểu số nguyên (có âm) từ 0 đến 7 để biểu diễn một số nguyên.', 0)
INSERT [dbo].[DSDapAn] ([id], [idcauhoi], [cautraloi], [dapan]) VALUES (15, 49, N'Là kiểu số nguyên từ 1 đến 8 để biểu diễn một số nguyên.', 0)
INSERT [dbo].[DSDapAn] ([id], [idcauhoi], [cautraloi], [dapan]) VALUES (16, 49, N'Là kiểu số nguyên từ 0 đến 7 để biểu diễn một số nguyên.', 1)

INSERT [dbo].[DSDapAn] ([id], [idcauhoi], [cautraloi], [dapan]) VALUES (17, 50, N'Là một đại lượng được người lập trình định nghĩa và được đặt tên thông qua việc khai báo biến.', 1)
INSERT [dbo].[DSDapAn] ([id], [idcauhoi], [cautraloi], [dapan]) VALUES (18, 50, N'Thuộc về một kiểu dữ liệu xác định và có giá trị thuộc kiểu đó.', 1)
INSERT [dbo].[DSDapAn] ([id], [idcauhoi], [cautraloi], [dapan]) VALUES (19, 50, N'Là một đại lượng được người lập trình định nghĩa và có giá trị không đổi.', 0)
INSERT [dbo].[DSDapAn] ([id], [idcauhoi], [cautraloi], [dapan]) VALUES (20, 50, N'Là tham số được chương trình định nghĩa để chứa giá trị trong quá trình chạy.', 0)

INSERT [dbo].[DSDapAn] ([id], [idcauhoi], [cautraloi], [dapan]) VALUES (21, 51, N'dayso có 4 phần tử và tổng dayso = 50.', 0)
INSERT [dbo].[DSDapAn] ([id], [idcauhoi], [cautraloi], [dapan]) VALUES (22, 51, N'dayso có 4 phần tử và giá trị thứ 4 là 50.', 0)
INSERT [dbo].[DSDapAn] ([id], [idcauhoi], [cautraloi], [dapan]) VALUES (23, 51, N'dayso có giá trị thứ 5 trong mảng là 50.', 1)
INSERT [dbo].[DSDapAn] ([id], [idcauhoi], [cautraloi], [dapan]) VALUES (24, 51, N'dayso có 5 phần tử 0, 1, 2, 3, 4.', 0)

INSERT [dbo].[DSDapAn] ([id], [idcauhoi], [cautraloi], [dapan]) VALUES (25, 52, N'a là mảng 2 chiều có 3 dòng, 4 cột.', 1)
INSERT [dbo].[DSDapAn] ([id], [idcauhoi], [cautraloi], [dapan]) VALUES (26, 52, N'a là mảng 2 chiều có 4 dòng, 3 cột.', 0)
INSERT [dbo].[DSDapAn] ([id], [idcauhoi], [cautraloi], [dapan]) VALUES (27, 52, N'lấy ra giá trị tại vị trí a[3][4] trong mảng 2 chiều.', 1)
INSERT [dbo].[DSDapAn] ([id], [idcauhoi], [cautraloi], [dapan]) VALUES (28, 52, N'a có 12 phần tử hoặc hơn.', 1)

INSERT [dbo].[DSDapAn] ([id], [idcauhoi], [cautraloi], [dapan]) VALUES (29, 53, N'Giống nhau.', 1)
INSERT [dbo].[DSDapAn] ([id], [idcauhoi], [cautraloi], [dapan]) VALUES (30, 53, N'Khác nhau.', 0)

INSERT [dbo].[DSDapAn] ([id], [idcauhoi], [cautraloi], [dapan]) VALUES (31, 54, N'Dễ hiểu và dễ sử dụng: chỉ cần khai báo <kiểu dữ liệu> tên mảng[kích thước].', 0)
INSERT [dbo].[DSDapAn] ([id], [idcauhoi], [cautraloi], [dapan]) VALUES (32, 54, N'Kích thước của mảng phải là không phải cố định.', 1)
INSERT [dbo].[DSDapAn] ([id], [idcauhoi], [cautraloi], [dapan]) VALUES (33, 54, N'Truy cập đến các phần tử trong mảng nhanh.', 0)
INSERT [dbo].[DSDapAn] ([id], [idcauhoi], [cautraloi], [dapan]) VALUES (34, 54, N'Dễ dàng duyệt qua từng phần tử mảng, thao tác, sắp xếp dữ liệu.', 0)

INSERT [dbo].[DSDapAn] ([id], [idcauhoi], [cautraloi], [dapan]) VALUES (35, 55, N'6.', 0)
INSERT [dbo].[DSDapAn] ([id], [idcauhoi], [cautraloi], [dapan]) VALUES (36, 55, N'7.', 0)
INSERT [dbo].[DSDapAn] ([id], [idcauhoi], [cautraloi], [dapan]) VALUES (37, 55, N'8.', 1)
INSERT [dbo].[DSDapAn] ([id], [idcauhoi], [cautraloi], [dapan]) VALUES (38, 55, N'9.', 0)

INSERT [dbo].[DSDapAn] ([id], [idcauhoi], [cautraloi], [dapan]) VALUES (39, 56, N'Bỏ qua câu lệnh trong cùng vòng lặp.', 0)
INSERT [dbo].[DSDapAn] ([id], [idcauhoi], [cautraloi], [dapan]) VALUES (40, 56, N'Kết thúc hoàn toàn xử lý.', 0)
INSERT [dbo].[DSDapAn] ([id], [idcauhoi], [cautraloi], [dapan]) VALUES (41, 56, N'Chuyển tới lệnh được gán.', 0)
INSERT [dbo].[DSDapAn] ([id], [idcauhoi], [cautraloi], [dapan]) VALUES (42, 56, N'Kết thúc vòng lặp hoặc lệnh switch và chuyển sang vòng lặp hoặc lệnh switch ngay sau nó.', 1))

INSERT [dbo].[DSDapAn] ([id], [idcauhoi], [cautraloi], [dapan]) VALUES (43, 57, N'Kết thúc hoàn toàn xử lý.', 0)
INSERT [dbo].[DSDapAn] ([id], [idcauhoi], [cautraloi], [dapan]) VALUES (44, 57, N'Bỏ qua các câu lệnh trong cùng một câu lệnh lặp để thực hiện vòng lặp mới.', 1)
INSERT [dbo].[DSDapAn] ([id], [idcauhoi], [cautraloi], [dapan]) VALUES (45, 57, N'Truy cập đến các phần tử trong mảng nhanh.', 0)
INSERT [dbo].[DSDapAn] ([id], [idcauhoi], [cautraloi], [dapan]) VALUES (46, 57, N'Chuyển tới lệnh được gán.', 0)

INSERT [dbo].[DSDapAn] ([id], [idcauhoi], [cautraloi], [dapan]) VALUES (47, 58, N'Vòng lặp while.', 0)
INSERT [dbo].[DSDapAn] ([id], [idcauhoi], [cautraloi], [dapan]) VALUES (48, 58, N'Cả 3 câu kia đều đúng.', 1)
INSERT [dbo].[DSDapAn] ([id], [idcauhoi], [cautraloi], [dapan]) VALUES (49, 58, N'Vòng lặp do...while.', 0)
INSERT [dbo].[DSDapAn] ([id], [idcauhoi], [cautraloi], [dapan]) VALUES (50, 58, N'Vòng lặp for.', 0)

INSERT [dbo].[DSDapAn] ([id], [idcauhoi], [cautraloi], [dapan]) VALUES (51, 59, N'Vòng lặp vô hạn.', 0)
INSERT [dbo].[DSDapAn] ([id], [idcauhoi], [cautraloi], [dapan]) VALUES (52, 59, N'Vòng lặp không điều kiện.', 0)
INSERT [dbo].[DSDapAn] ([id], [idcauhoi], [cautraloi], [dapan]) VALUES (53, 59, N'Lỗi syntax.', 0)
INSERT [dbo].[DSDapAn] ([id], [idcauhoi], [cautraloi], [dapan]) VALUES (54, 59, N'A, B đều đúng.', 1)

INSERT [dbo].[DSDapAn] ([id], [idcauhoi], [cautraloi], [dapan]) VALUES (55, 60, N'mmmm aaaa nnnn.', 1)
INSERT [dbo].[DSDapAn] ([id], [idcauhoi], [cautraloi], [dapan]) VALUES (56, 60, N'mmm aaa nnn.', 0)
INSERT [dbo].[DSDapAn] ([id], [idcauhoi], [cautraloi], [dapan]) VALUES (57, 60, N'mmmm aaa nnn.', 0)
INSERT [dbo].[DSDapAn] ([id], [idcauhoi], [cautraloi], [dapan]) VALUES (58, 60, N'Kết quả khác.', 0)
SET IDENTITY_INSERT [dbo].[DSDapAn] OFF